36633,36867,22457,22309,36410,55396,22945,24842,35758,24246,24876,23345,22553,36031,47591
38932,39356,73154,66172,39649,40975,90302,67943,38990,73503,79172,63808,62810,35875,97601
100839,76117,89558,69151,74513,76063,127448,86921,77213,94520,89310,105846,114871,70105,105915
109742,105450,127241,98602,97718,108716,149222,105752,580351,588534,111268,104743,106063,105756,109765
122859,123185,133887,123604,117953,133422,151108,687372,116443,113442,127430,120224,109287,130431,112013
64895,70292,70674,89157,88972,71201,81632,68044,125045,130776,623017,67940,64415,69350,66564
99608,83630,86682,82450,76486,90201,89070,86095,59344,59506,37489,78401,78502,82317,79556
61209,55603,52052,89010,58352,40362,71229,65487,42030,45430,47262,97790,63755,47510,77449
61663,52684,59099,83975,53617,51100,58463,61637,52705,53061,60289,55179,56166,58791,59409
75549,54944,59174,46339,57113,70886,76429,57207,49369,64707,58619,57165,58686,58364,63134
60629,65661,76704,496031,65697,79129,79875,76203,62227,69542,69517,65654,70715,69632,54087
65915,71789,73333,77490,77607,75755,82394,72294,83494,72383,73015,77200,77978,79128,78800
83373,86257,83993,84739,81001,81570,97637,63570,90760,92324,101886,79732,80487,83834,76097
275609,90442,88687,69645,106162,128237,107026,95274,99616,145442,89900,85789,90887,95741,92454
97189,106610,101820,67497,99829,103228,124509,105725,105548,104734,112456,118508,103919,89152,239551
117977,117791,121401,70770,111588,119271,127477,128615,112233,130073,121543,112432,111606,188321,99637
122012,118910,122552,112872,118179,124878,134752,125786,123524,132890,130537,123895,126366,122310,104683
112623,128351,143248,86452,130275,222917,133650,146478,137110,140779,137191,148920,129253,141189,113907
146858,138933,157842,183116,141486,142930,126892,148439,145352,230915,151498,164314,143818,161615,252600
143043,155862,162688,165342,151902,155833,135117,94153,156037,50145,164108,166669,154478,179970,895632
225056,163015,170949,183654,169568,162560,178872,101172,171823,39570,176522,178160,166724,158548,219674
183658,181111,175986,128161,177955,180029,181492,194956,182833,43392,115288,191428,176287,114122,122396
83787,189182,204914,120691,186073,194802,198165,127555,154053,44365,118867,206905,188112,117539,1840823
71953,203959,212156,218411,208257,315047,121534,47110,70323,45956,217208,138129,209142,123561,63152
67815,214759,90976,62830,84687,209173,74970,49041,67480,47621,51535,76744,295493,128768,67047
83796,124497,90551,52132,73014,230330,80170,51305,67808,50694,50418,91146,74505,153638,67517
58267,75925,82079,55293,77701,1032007,80365,54599,82417,53264,54138,112750,83610,54697,81454
117081,86429,87266,57231,86606,315102,84474,56071,77463,56263,54291,83026,78921,56953,82291
87518,82957,79714,59150,92335,63062,77890,58764,149260,59081,58513,92469,155235,58559,88715
60947,97145,93014,60328,95976,61087,87361,61896,91792,60784,60845,62721,93320,59994,74465
101878,92246,95220,83624,93150,87206,88184,71847,91820,81294,78660,108759,91562,65175,81983
106321,104116,102329,67421,123113,101758,92826,66770,66417,68004,66961,107300,67647,67539,84020
111397,100697,132203,67976,137162,70333,99830,70516,69521,67521,69683,106565,68870,71039,69469
110781,110407,183614,72435,72600,74887,102020,71359,71170,71736,71981,72680,71956,71130,106583
111833,78053,117978,74919,75880,76829,104334,76441,73806,74876,72628,75216,74722,74982,121548
117623,77525,76667,76595,76759,78093,109381,77744,79352,78459,77334,78107,76711,76867,122429
80573,83392,80535,78410,80652,80005,138667,79778,80205,80799,123341,80632,81359,79053,124722
124394,101719,82648,94878,87004,84848,92249,87847,89873,81969,169354,86203,92968,117491,151944
101040,86482,84704,85737,87037,86540,88016,86912,91136,87112,90371,85832,88418,110304,103889
125003,88230,88049,87940,90004,91139,89548,86121,142929,88798,130753,88741,89059,142487,98180
104820,95394,91912,93768,94886,92744,92866,119277,126701,95266,106346,92687,94760,134281,388022
102844,95319,98415,94498,95514,95370,96866,147587,98631,95056,131019,96396,95615,183848,150264
156109,98689,98058,100340,98232,98787,98424,122994,96126,97974,97102,98290,98235,107012,99934
136057,102782,100965,135636,101872,103353,101622,102842,102395,100684,103362,102172,102965,102983,102397
159709,106570,104681,161446,102685,106246,104659,102611,104785,103703,103531,105167,104518,132052,154485
181493,109774,135978,115682,107879,133402,106073,124589,108733,107193,108227,106612,108183,107189,117730
168005,113835,171335,112120,109892,148695,115565,110899,110963,111540,110685,111817,113691,111438,110016
137177,113245,122864,115112,115208,114375,113460,113931,114168,113157,113115,113687,112625,114192,114400
186789,184234,117123,172562,117985,173976,177911,177846,118383,133200,178035,177183,117597,117831,174837
129914,193497,177042,181023,190863,191856,187814,139507,196584,131650,185234,187951,189780,198233,185368
132667,134150,124792,191971,187501,217738,201517,136769,205523,189258,137976,211204,201993,196815,198473
182351,185243,234336,150761,130435,131703,193381,136323,176613,137747,135892,203000,195093,159088,145691
200278,134479,191965,139247,211211,193901,206459,140120,173084,142350,141064,134149,151521,168778,143744
144517,134958,133950,146084,132349,156191,189866,144865,134804,143277,147311,178008,137552,150759,146665
147180,138414,137092,148301,188553,156253,157521,148362,162022,149488,148459,234473,151942,148627,150016
159619,142861,140944,154876,169219,151132,205883,152933,175906,177942,153381,158212,159004,154807,152463
177441,145624,146642,157975,189135,160376,189016,159371,174877,158592,159193,191109,159521,159687,157303
183399,150164,145370,160796,287866,156719,200021,162375,159310,163814,160200,166022,162284,159028,158680
160928,153203,176400,165656,165229,164970,244058,164009,167897,167001,165172,163641,167233,168577,168730
202774,184457,170886,171279,196770,169635,244144,166494,181365,169611,166932,194463,183834,169457,205535
184383,179584,176179,177911,178976,171685,176856,176139,171282,173478,173499,178523,303099,176480,173030
181224,179262,178487,178010,176819,177242,174893,179390,176382,177587,175859,175837,176612,179606,180302
181773,184787,182460,182960,183351,181592,179115,181253,181540,178621,181806,185227,190238,182093,181118
268960,301899,272457,186110,184530,190128,267713,276935,188564,272175,192046,185554,295909,190254,192345
285723,273019,296107,279299,286603,291311,303434,295830,195220,195788,297710,288021,238516,287535,292371
282187,277288,196659,295373,299429,196646,301232,196362,291149,194356,302769,195270,196025,195438,270937
347620,201551,201036,301867,312512,200280,311026,196957,318103,317117,305266,200169,311569,199956,202419
360140,294561,319725,326652,315883,308171,205512,308475,318215,322038,324589,318560,314492,308124,268187
320748,215616,320441,310145,214016,339917,325319,324761,322330,321616,322519,316818,309482,316131,324757
316835,332774,332132,215036,211916,326168,333032,336702,338049,213660,326542,213327,333677,317096,329035
327799,342299,339442,219050,339451,221119,342309,342431,339037,217935,218310,343766,344841,333812,338102
347965,353016,224170,346272,350746,216686,229340,346416,317167,220482,350141,352043,224058,336498,223332
360710,357328,348471,352103,299034,356172,353190,352152,324924,348304,347043,238182,227503,356229,226989
302843,359993,290220,233483,244184,362429,282455,230607,362590,356095,234661,237251,231045,306818,359711
304426,355841,233202,239470,230510,308933,230848,236055,238792,235104,236483,239172,237100,238471,238758
348001,354811,240334,241630,240610,342025,351348,349695,241414,350154,349711,306956,346406,352307,242634
386757,250022,386210,384580,389425,303264,284048,250907,388616,391764,246028,389309,250942,249562,247358
395937,256472,253708,263593,328296,257420,258132,254644,385697,257083,272273,404658,366267,256547,401163
354379,261882,258071,260067,255661,258518,255347,259547,257865,261990,263678,261198,254822,277471,291920
356260,268522,267578,264605,268315,263753,261887,270302,267052,262261,268818,269446,265073,268738,266525
357219,278127,267391,266824,268123,269974,267915,290058,275362,271058,273771,272393,268643,268049,269165
406479,275878,277641,273872,273921,270431,272111,274251,279735,272662,275205,279331,279204,278009,271270
412987,280372,280478,284912,284518,276302,282853,281614,285700,288632,279557,283006,280796,275284,279464
396743,296905,316475,287715,331716,287315,285049,283307,282135,291422,284708,294382,284623,286307,284877
406818,294667,286978,291204,295643,290977,284812,294312,295776,291002,291962,298830,293190,295691,289477
418139,300620,298959,324304,298348,296272,314021,297265,303156,294840,302204,305274,299167,303575,301079
425895,303945,307674,320322,307274,304908,375891,305140,302888,313034,302058,303912,305411,305463,306040
379148,315366,309594,309710,314171,309622,447088,313922,311089,307920,309735,316624,310007,306843,313562
313155,322254,311911,316519,312086,312622,765969,317218,317790,314322,322736,328009,318736,316003,317250
355622,326818,322708,317652,322233,323923,319021,315838,323073,321495,322856,323575,322610,320142,322735
378149,331476,326162,355573,325722,325727,330135,326117,326798,322059,334009,327948,327168,327436,355622
332477,336750,337067,333150,335201,334293,332483,332701,329035,335976,371610,330708,333191,334951,331905
372707,337429,338780,337985,334951,338522,340664,336095,341323,339568,384914,341546,342077,341756,341494
339286,343927,346955,358311,339306,341094,414052,361048,345479,390969,342283,346005,356266,347715,344953
349308,356039,351336,343122,350883,347046,360012,351315,349046,376864,349943,349641,349509,351801,484997
359879,363457,407884,496388,359807,353461,391212,503472,358198,361038,407923,354701,348740,352530,498431
395736,380316,420127,571936,356665,416674,381182,398103,362894,363983,422329,364725,355638,363266,361622
360231,372550,418106,374318,369412,423319,368251,372182,367928,388519,366745,370571,371760,372605,393977
370458,377523,432876,373544,368532,438950,375364,376378,376894,379278,381316,378206,377911,379989,377351
414004,384647,453215,375878,380008,445506,381548,385146,380992,546149,385857,387755,379712,534003,376882
404995,396114,391364,388586,396583,440854,378803,393161,393277,398198,391171,389970,385272,380238,379230
397209,399224,395043,389874,414347,606882,384479,391542,396547,403000,395229,556801,395125,460729,395187
395677,397971,408884,395723,398508,402645,402948,399716,403263,395632,413067,743520,425568,451673,400236
459434,411142,408765,404837,586169,403307,397512,481363,640130,406321,411990,404129,667572,416115,402667
576656,415017,689377,409314,461966,406833,410622,482380,420902,417358,435661,416138,422779,453974,412432
433228,424801,429030,525365,413750,415188,409956,515640,422578,418333,441061,426443,417227,440571,415034
479685,436484,430804,457940,428640,438683,421081,450585,428177,429508,423299,429506,431578,426175,519478
464394,473285,434965,477294,434813,506788,434414,446455,428803,435071,440749,433954,429704,433040,495277
452008,442984,434346,459417,442395,512809,445586,443949,458203,524265,447075,439104,438027,435763,493572
450357,459931,445176,439324,517982,444380,444891,443556,513274,462831,449483,454912,446425,442024,467050
455110,454449,449389,455607,553174,451759,464414,452687,524382,574304,456782,457190,449833,452870,460107
459829,454197,456307,459200,541887,529776,460865,458644,520488,534856,461489,481580,458646,458545,460968
491308,475412,465189,468849,618040,517844,489536,467499,470217,503705,465650,474710,466987,470778,470905
471907,480621,467152,463454,472762,504679,472619,475685,513810,477937,471173,537510,583438,470456,470904
477206,489818,482517,550392,476115,479130,478891,477413,507001,486972,482564,484734,489119,474739,474166
519484,490037,483191,510164,483446,489940,476902,488035,480669,482094,490754,493391,560136,484188,483388
529303,500945,500661,494868,494780,485749,492521,496276,498156,491403,495436,493680,517741,489964,484932
521018,521696,505506,499349,492177,498950,500188,504909,500679,507090,500454,506320,499759,499168,501708
706877,515233,509981,502777,512853,514850,510720,508106,508663,511143,515273,513820,511554,508472,506092
549775,558549,511934,509939,520380,521198,513171,514520,508940,540891,517947,527451,516515,508337,516836
545210,643496,524509,521203,545756,526295,523947,528816,522150,522581,538451,597378,516412,519544,519916
555742,616725,535093,533691,534562,519872,533147,526361,519804,533906,530919,532617,526440,530408,528432
559283,539400,542850,543637,538963,537991,540403,535036,540116,541699,547409,534566,539427,537250,534826
601329,549376,540310,542234,547354,541795,533745,546685,543306,549508,540560,550270,543558,541570,538961
554138,554709,642588,542927,554340,551071,550489,554706,633624,548916,555329,549630,552895,555427,552960
557218,574907,583827,552318,553373,556121,565723,554398,562323,572765,567928,570473,557114,676452,557155
596235,580356,632217,568219,563477,558836,571638,560208,561245,572579,566372,572812,567989,558360,563478
600635,586217,576934,577349,577165,572776,576832,568821,573653,572329,575953,586823,574519,577775,574392
732061,789814,588871,634270,588655,611803,579808,593546,580577,587150,579412,583001,583841,588654,578458
602757,593458,619559,683998,593583,670305,587151,587491,583835,588243,594466,599861,582032,587612,579845
613236,609479,593797,648832,693940,665050,599272,596524,603975,630303,599875,627397,713365,599422,597212
676769,604026,613577,604703,602197,595224,604272,609217,599537,608718,594859,616336,606981,608015,605940
814626,619456,615624,615041,631928,619920,614405,611697,618181,610676,617071,661916,610313,616376,611955
930671,634436,624560,679581,615363,614274,820158,628835,620201,620853,621828,629978,625092,619602,616497
714525,637204,636887,623954,623787,618636,619506,621804,626278,629832,630817,625671,620380,628604,620173
634102,643249,638897,630387,640392,636998,1095981,635944,644157,641344,635654,641228,643415,641617,630549
649965,655607,639978,633314,643933,639278,634302,641977,640141,649081,641872,649217,643941,645599,644015
672521,656342,646278,659414,653829,658623,660362,651761,651010,655775,651404,657993,647169,654775,653748
694428,678037,667152,658627,661142,669135,664494,662475,655080,657592,663977,659788,669096,654076,672030
811428,680682,670366,669678,665375,668904,674345,680220,671150,675766,1055537,679109,675649,662477,1025058
756929,689561,683391,673537,674012,689874,678488,682970,676639,690384,686029,682651,671927,678003,680354
767802,692211,694958,688587,695958,681997,685928,685029,676466,1075595,696720,803589,681171,1079135,688002
705913,703885,702383,798467,695098,1036499,695555,746569,687304,693119,693541,805654,696105,686351,691955
758830,705193,769425,695611,695526,693670,712838,751410,709242,710950,743052,779415,695373,695195,760412
706887,704566,719255,767905,1137434,709328,724498,705277,1092909,710899,756360,719952,1116003,707349,777591
715386,735348,1189885,717853,715239,718618,768768,711594,714723,786625,718742,728062,715921,712766,717953
798803,736484,728217,809476,772286,804233,807670,736111,721280,751005,728754,783340,757613,731155,720863
751276,789641,736451,735611,770611,754934,885435,738461,848478,744008,738096,821372,738291,729035,734757
765952,745227,748330,737393,730827,746299,864478,746067,783412,748396,745571,753754,735545,797210,751150
928949,758806,768051,778439,744552,741816,891550,752922,753028,755066,743521,759060,810421,784363,752111
940795,966624,777180,760678,757982,749275,769490,748930,758747,878645,766708,772486,772671,756117,759869
797570,867422,778843,764746,765389,771644,791862,761685,759177,786900,770721,774368,766770,769518,766902
798996,828294,784855,783059,791535,775000,912786,783568,776492,785610,804262,793802,782304,772530,796367
808600,798617,788643,786285,782667,907221,924533,787266,773205,799348,903441,802312,796281,783734,782889
803310,809369,810597,790301,803553,921408,873793,797495,802007,800953,919041,792663,794872,794937,789861
832562,820599,813623,803497,802989,924412,807227,808477,794567,813439,941540,812052,803011,803023,804495
840039,830281,870313,812222,811999,939328,820020,858769,810429,826051,940389,804198,821669,833444,817085
839805,836786,918286,819452,818550,950017,825715,903239,829350,831055,970763,832146,815937,826781,833282
849482,841876,833826,916567,833945,856963,827062,853103,826020,835255,862032,836603,830837,837194,909269
869787,843403,904097,956152,840382,1071672,840692,980187,846697,845054,840521,844056,830434,844372,841015
882507,861737,861108,849322,843481,847137,853890,981714,845007,860266,846930,860635,847754,839133,847802
869808,867945,872965,845640,863392,852658,861832,938029,861651,866113,859009,869643,853924,847771,862417
879842,876868,874466,952793,870266,868796,860757,870119,923194,866113,857864,873484,863584,859662,867023
978305,885963,871738,879910,871928,867839,883211,883014,879290,874560,872638,887208,868995,872212,873202
1039228,897031,895911,954038,882905,928206,878115,884424,887616,889722,888963,891034,924291,891679,915873
1357099,931262,895392,896358,895983,892707,907554,883210,893446,901256,891292,905313,892517,883720,896773
969598,1066818,908599,899475,916237,1054475,1311410,908129,909355,913841,909694,986886,895800,899835,908928
1091130,1079131,928554,911066,898250,998468,989116,916773,911453,925143,898858,934034,911071,910855,912804
956037,933153,939875,958569,930923,921504,925674,935811,935768,923385,927218,927713,922090,923834,918504
1025105,940295,944969,926016,930301,1084555,938224,1336792,1009715,935723,1323398,939631,933675,922263,933646
996028,956524,940075,977020,943087,1291492,978629,935209,949457,966987,953242,951674,941528,1077470,1335875
985470,1036833,955826,1089065,957263,946177,969290,996561,948658,1335688,947661,967371,952197,1355369,950401
976780,980697,968801,1034761,970202,967002,980404,1027923,988086,973026,948536,975294,961745,952920,1093683
985778,991803,996396,1138218,1006170,1120292,1124697,977948,962448,986828,968462,1368043,1186303,964723,968637
1036721,998161,1405051,1131047,1565961,984885,981110,982175,1166957,1010173,989421,999554,1363658,965097,978274
1019306,1388902,995808,983906,988712,990472,1003252,993962,990843,1036081,997219,1001165,986173,994212,997545
1040061,1028448,1020747,1000742,1010207,993276,1005439,1003508,992718,1014863,1016737,1029171,994455,1026346,1070673
1042098,1031364,1015557,996633,1010497,1072317,1024017,1002161,1010310,1014639,1005100,1071781,993421,1004459,1081943
1057529,1029391,1028449,1019619,1014712,1013111,1042458,1020583,1021302,1029921,1014550,1026859,1182443,1027906,1015356
1055622,1071964,1032492,1032700,1033134,1014636,1039837,1026798,1030206,1044741,1521313,1042161,1221781,1016445,1040714
1053549,1258330,1048132,1039878,1050781,1034290,1037279,1045371,1030647,1059010,1085460,1058525,1211470,1052413,1042106
1099686,1123716,1063683,1059893,1046760,1042088,1057242,1050573,1047158,1069824,1058074,1072815,1222621,1048797,1055815
1105825,1080545,1086508,1092504,1063471,1060267,1070623,1111482,1051093,1063790,1065498,1087076,1173464,1053186,1055935
1106841,1085654,1112163,1070325,1057309,1060011,1073356,1072902,1085205,1071603,1075619,1088726,1062269,1112712,1073045
1104412,1111477,1278499,1079648,1123739,1089015,1117281,1079604,1341634,1136517,1072208,1093313,1071460,1092151,1070506
1121004,1113452,1278238,1082292,1315301,1092412,1105851,1080325,1131976,1111842,1094320,1130854,1095932,1091243,1090726
1123138,1089006,1105192,1091866,1184665,1103626,1115179,1085598,1101716,1121964,1107728,1204404,1101955,1097424,1109361
1126247,1156363,1123052,1118517,1096700,1119729,1119390,1095145,1106237,1200631,1125424,1134267,1109831,1108690,1102882
1137437,1130789,1139373,1181819,1119232,1116565,1135723,1127302,1118500,1133479,1134312,1139685,1128858,1125545,1126771
1634359,1147955,1152949,1147204,1127981,1132887,1138616,1133744,1135792,1152822,1140856,1142883,1125578,1119263,1137166
2015647,1159653,1164283,1155161,1148664,1136460,1164908,1142919,1141301,1147696,1145362,1158385,1162730,1145469,1148753
1728328,1176174,1169085,1144594,1145850,1150639,1179612,1281364,1172635,1162573,1153538,1172744,1153347,1157336,1154192
1701706,1185498,1189121,1169073,1172522,1155474,1197446,1269115,1164938,1197011,1493720,1179228,1172717,1161031,1164461
1206986,1195984,1183264,1179892,1178145,1239396,1247755,1574132,1172453,1190625,1336846,1184551,1181806,1175363,1490011
1215331,1193037,1206039,1223988,1179075,1265596,1348057,1184721,1185719,1199747,1188366,1194199,1193065,1183599,1540707
1230936,1220124,1236758,1235414,1182503,1200907,1201077,1193870,1201183,1206523,1187633,1212508,1201647,1205265,1186388
1459579,1258257,1249364,1232286,1236416,1196141,1219966,1204054,1233076,1255023,1217082,1270297,1209572,1228991,1202714
1444574,1228281,1655833,1237210,1621215,1216529,1233984,1215790,1600937,1228211,1228213,1244051,1599841,1211363,1296992
1423324,1279348,1238794,1317360,1220315,1234785,1240431,1221959,4027564,1244740,1236094,1305171,1292860,1230948,1299974
1418574,1373713,1259901,1238915,1251291,1228264,1236387,1247654,1232768,1246502,1229867,1269391,1336419,1242098,1241208